Location,Rating,Phone,Email
,4.5,NA,NA
,5.0,NA,NA
"3153 Al Thumairi St, Riyadh 12652 Saudi Arabia",4.5,NA,NA
"Al-Muraba - King Abdul Aziz Historical Center What3words: Oiled.dodges.divided, Riyadh 11481 Saudi Arabia",4.5,966114029500,InfoNM@moc.gov.sa
,5.0,NA,NA
"2976 Al Al Imam Saud Ibn Abdul Aziz Branch Road Al Mughrizat, Riyadh 124856121 Saudi Arabia",4.5,966920000262,NA
"Al Ameen Abdullah Al Ali Al Naeem Street, Riyadh 12836 Saudi Arabia",4.5,NA,NA
"Al Jenadriyah Road Al Thumamah Road, Riyadh 13645 Saudi Arabia",4.5,966507139467,NA
"King Fahad Road, Riyadh 12212 Saudi Arabia",4.0,NA,NA
,4.5,NA,NA
[],[],NA,NA
,3.5,NA,NA
"Al Takhassusi St. Al Ma'thar Ash Shamali, Riyadh 12332 Saudi Arabia",4.0,96612057401,info@panorama-mall.com
"Northern Ring Branch Road, Riyadh 13511 Saudi Arabia",4.5,917032614146,NA
[],[],917032614146,NA
"4289 Umm Al Hamam Umm Al Hamam Al Gharbi, Riyadh 12326 Saudi Arabia",4.5,NA,NA
,4.0,NA,NA
,4.5,966920014180,info@riyadhseason.sa
,4.0,NA,NA
,4.5,NA,NA
Call,4.0,NA,NA
,4.0,NA,NA
,4.0,NA,NA
[],[],NA,NA
[],[],NA,NA
,5.0,NA,NA
,5.0,NA,NA
[],[],NA,NA
"Eastern Ring Road, Riyadh 12482 Saudi Arabia",4.0,966504216825,NA
,4.5,NA,NA
,5.0,NA,NA
,4.5,NA,NA
,4.5,NA,NA
,5.0,NA,NA
,5.0,NA,NA
,5.0,NA,NA
,3.5,NA,NA
,5.0,NA,NA
,3.0,NA,NA
,5.0,NA,NA
[],[],NA,NA
[],[],NA,NA
,5.0,NA,NA
,5.0,NA,NA
,5.0,NA,NA
,5.0,NA,NA
,5.0,NA,NA
[],[],NA,NA
,5.0,NA,NA
[],[],NA,NA
,5.0,NA,NA
,4.5,NA,NA
,4.5,NA,NA
,4.0,NA,NA
,3.5,NA,NA
,3.0,NA,NA
,3.0,NA,NA
,3.0,NA,NA
+1 855 275 5071,[],NA,NA
+1 855 275 5071,[],NA,NA
,4.5,NA,NA
,5.0,NA,NA
,5.0,NA,NA
,3.5,NA,NA
,5.0,NA,NA
,5.0,NA,NA
,4.5,NA,NA
[],[],NA,NA
,3.0,NA,NA
[],[],NA,NA
[],[],NA,NA
[],[],NA,NA
[],[],NA,NA
[],[],NA,NA
,5.0,NA,NA
,5.0,NA,NA
,4.5,NA,NA
,4.5,NA,NA
,5.0,NA,NA
,5.0,NA,NA
,5.0,NA,NA
,5.0,NA,NA
[],[],NA,NA
[],[],NA,NA
[],[],NA,NA
,5.0,NA,NA
,5.0,NA,NA
,5.0,NA,NA
,5.0,NA,NA
,4.5,NA,NA
[],[],NA,NA
[],[],NA,NA
[],[],NA,NA
[],[],NA,NA
[],[],NA,NA
[],[],NA,NA
[],[],NA,NA
[],[],NA,NA
[],[],NA,NA
[],[],NA,NA
[],[],NA,NA
,5.0,NA,NA
,4.5,NA,NA
,4.5,NA,NA
,5.0,NA,NA
,3.0,NA,NA
,5.0,NA,NA
,5.0,NA,NA
,5.0,NA,NA
,5.0,NA,NA
,4.5,NA,NA
[],[],NA,NA
[],[],NA,NA
[],[],NA,NA
+1 855 275 5071,[],NA,NA
[],[],NA,NA
[],[],NA,NA
,4.5,NA,NA
"2446 King Abdullah Ibn Abdulaziz Road Riyadh International Convention & Exhibition Center, Riyadh 124518259 Saudi Arabia",4.5,966114425852,NA
"2446 King Abdullah Ibn Abdulaziz Road Riyadh International Convention & Exhibition Center, Riyadh 124518259 Saudi Arabia",4.5,NA,NA
"2446 King Abdullah Ibn Abdulaziz Road Riyadh International Convention & Exhibition Center, Riyadh 124518259 Saudi Arabia",4.5,905550190008,NA
[],[],905550190008,NA
,4.5,NA,NA
"2976 Al Al Imam Saud Ibn Abdul Aziz Branch Road Al Mughrizat, Riyadh 124856121 Saudi Arabia",4.5,966920000262,NA
,4.0,NA,NA
"Al Takhassusi St. Al Ma'thar Ash Shamali, Riyadh 12332 Saudi Arabia",4.0,96612057401,info@panorama-mall.com
"Northern Ring Branch Road, Riyadh 13511 Saudi Arabia",4.5,917032614146,NA
,4.0,NA,NA
,4.0,NA,NA
"King Abdul Aziz Road Northwest of the intersection with King Abdullah Road, Riyadh 12272 Saudi Arabia",4.0,966545777764,NA
"King Khalid International Airport, Riyadh 13413 Saudi Arabia",4.5,966920019339,marketing@kaden-sa.com
"Al takhassosi Street Bldg 247, #2, Riyadh 12334 Saudi Arabia",4.5,966118805352,info@gallerynaila.com
"4419 Western Ring Branch Rd, Riyadh 14924 Saudi Arabia",4.0,966920000262,salaammall@arabiancentres.com
,4.0,NA,NA
"Khurais Road, Exit 28, Riyadh 341904 Riyadh 11333 Saudi Arabia",4.0,96612096575,khuraismall@arabiancentres.com
,4.5,NA,NA
,3.5,96612291985,saharaplaza@arabiancentres.com
"King Fahd Road, Riyadh 12343 Saudi Arabia",4.0,NA,NA
,3.5,NA,NA
,3.5,NA,NA
"Prince Faisal Bin Turki Bin Abdulaziz St, Riyadh 12612 Saudi Arabia",3.5,96614028877,NA
,4.5,96614028877,NA
"As Suwaidi Al Am, Riyadh 11564 Saudi Arabia",3.5,966118250777,info@alqasrmall.com
,5.0,NA,NA
,5.0,NA,NA
"Prince Muhammad Ibn Saad Ibn Abdulaziz Rd Al Malqa District, Riyadh 13521 Saudi Arabia",[],NA,NA
,4.0,NA,NA
,[],NA,NA
,[],NA,NA
,3.0,NA,NA
"Jabir Ibn abdallah Nojoud mall, Riyadh 11543 Saudi Arabia",[],966534416966,Info@mono.gallery.com
,[],NA,NA
,5.0,46766922152,booking@limowide.com
Contact,5.0,46766922152,booking@limowide.com
,[],33767887088,info@profi-driver.com
,[],31883188344,support@taxi2airport.com
,4.0,966539260427,beshoysamy068@gmail.com
Contact,4.5,966539260427,beshoysamy068@gmail.com
,[],966557338008,admin@naylam.com
,3.0,19729736468,dfwte@plaza-network.com
,[],971526128949,concierge@airssist.com
,[],NA,mmibraim999@gmail.com
,[],15854370975,taxigolimo@gmail.com
,[],97333480092,reservation@eagleroutes.com
,[],966537628054,ecsprovidersa@gmail.com
,[],NA,caravantransport@outlook.com
Contact,3.5,NA,caravantransport@outlook.com
Contact,5.0,NA,caravantransport@outlook.com
Contact,5.0,NA,caravantransport@outlook.com
Contact,5.0,NA,caravantransport@outlook.com
Contact,3.0,NA,caravantransport@outlook.com
Contact,[],NA,caravantransport@outlook.com
Contact,3.0,NA,caravantransport@outlook.com
,5.0,NA,caravantransport@outlook.com
Contact,[],NA,caravantransport@outlook.com
Contact,[],NA,caravantransport@outlook.com
Contact,[],NA,caravantransport@outlook.com
Contact,[],NA,caravantransport@outlook.com
Contact,[],NA,caravantransport@outlook.com
Contact,[],NA,caravantransport@outlook.com
Contact,[],NA,caravantransport@outlook.com
Contact,[],NA,caravantransport@outlook.com
,5.0,NA,NA
"Main Olaya Road, Office 7 2nd Floor, Riyadh 12221 Saudi Arabia",5.0,966920020025,info@1starabia.com
"6757 King Fahd Rd. Al Olaya, Riyadh, Riyadh 12211 Saudi Arabia",[],966114186111,NA
,[],966112219327,saudiarabia@plaza-network.com
